channel,coefficient,avg_weekly_spend,roi,proposed_share,proposed_budget
tv_spend,0.0725007132493819,2.976625,0.024356683575990225,0.14774552888808953,1.2241897555154033
facebook_spend,0.0692131597023458,1.761275,0.039297190786416546,0.23837334908265437,1.9751136574557082
search_spend,0.15807329530190734,2.400139,0.06586005864739806,0.3995014003898446,3.310188303848774
other_spend,0.04056379648091105,1.1477600000000001,0.03534170600204838,0.21437972163941138,1.776307283180113
