channel,coefficient,avg_weekly_spend,roi,proposed_share,proposed_budget
facebook_spend,0.19209997945608548,1767.54318,0.00010868191602316922,0.415449926642626,3435.731425591486
search_spend,0.25439414824583007,2407.6983200000004,0.00010565864756919797,0.4038931129298869,3340.1576740844366
tv_spend,0.10946855255215489,2961.02612,3.696980307358953e-05,0.14132159734505223,1168.7161844918342
other_spend,0.011665300226496578,1133.63738,1.0290151359067376e-05,0.03933536308243489,325.29971583224375
