feature,VIF
const,27.682587934779466
tv_spend,1.0012944628668925
facebook_spend,1.0014730715041482
search_spend,1.0041412397944098
other_spend,1.0005723312864425
log_revenue,1.004957068802418
